# Inserting data into the `users` table
INSERT INTO `users`(`position`, `first_name`, `last_name`, `date_of_birth`, `email`, `phone`, `address`)
VALUES 
  ('student', 'Zhanna', 'Margaryan', '2003-07-19', 'zhannamargaryan@gmail.com', '077225566','Minasyan 19'),
  ('student', 'Anush', 'Arustamyan', '2003-04-01', 'anush.arustamyan@gmail.com', '094949494','Nar-Dos 2'),
  ('lecturer', 'Karen', 'Navasardyan', '1965-07-16', 'karen.navasardyan@gmail.com', '055636363','Baghramyan 18'),
  ('lecturer', 'Petros', 'Petrosyan', '1978-06-17', 'petros.petrosyan@gmail.com', '077273747','Koryun 6'),
  ('student', 'Ani', 'Arzumanyan', '2003-02-10', 'ani.arzumanyan@gmail.com', '055556565','Minasyan 9'),
  ('student', 'Anahit', 'Sahakyan', '2003-03-03', 'anahit.sahakyan@gmail.com', '098989868','Saryan 20'),
  ('lecturer', 'Siranush', 'Sargsyan', '1953-06-14', 'siranush.sargsyan@gmail.com', '093232343','Arshakunyats 28'),
  ('dean_office_worker', 'Eranuhi', 'Davtyan', '1989-07-07', 'eranuhi.davtyan@gmail.com', '098489848','Isakov 24'),
  ('student', 'Narine', 'Poghosyan', '2003-04-14', 'narine.poghosyan@gmail.com', '055454545','Isakov 18'),
  ('student', 'Zarine', 'Grigoryan', '2003-06-15', 'zarine,grigoryan@gmail,com', '077171777', 'Saryan 4'),
  ('student', 'Srbuhi', 'Khachatryan' , '2003-08-01', 'srbuhi.khachatryan@gmail.com', '093636393', 'Garegin Njdeh 8'),
  ('lecturer', 'Hrant', 'Khachatryan', '1986-10-06', 'hrant.khachatryan@gmail.com', '094546444','Baghramyan 16'),
  ('student', 'Arusyak', 'Nakhshkaryan', '2003-06-23', 'arusyak.nakhshkaryan@gmail.com', '093556783', 'Komitas 23'),
  ('student', 'Vardan', 'Petrosyan', '2001-03-12', 'vardan.petrosyan@gmail.com', '094648732', 'Komitas 12'),
  ('student', 'Nune', 'Haroyan', '2003-11-05', 'nune.haroyan@gmail.com', '093645678', 'Baghramyan 3'),
  ('student', 'Gor', 'Garanyan', '2003-04-25', 'gor.garanyan@gmail.com', '055464646', 'Saryan 12'),
  ('student', 'Arzhanik', 'Zaqoyan', '2003-05-15', 'arzhanik.zaqoyan@gmail.com', '098989868', 'Avan 2'),
  ('student', 'Anush', 'Khachatryan', '2003-02-22', 'anush.khachatryan@gmail.com', '093939393', 'Avan 7'),
  ('student', 'Lyova', 'Azaryan', '2003-04-08', 'lyova.azaryan@gmail.com', '055657565', 'Isakov 5'),
  ('student', 'Narek', 'Avoyan', '2003-12-28', 'narek.avoyan@gmail.com', '093657845', 'Isakov 10'),
  ('lecturer', 'Karine', 'Galstyan', '1959-06-16','karine.galstyan@gmail.com', '093354675', 'Avan 25'),  
  ('student', 'Saten', 'Ishkhanyan', '2003-08-15', 'saten.ishkhanyan@gmail.com', '094442434', 'Bangladesh 23'),
  ('student', 'Ani', 'Avagyan', '2003-09-18', 'ani.avagyan@gmail.com', '055657565', 'Avan 16'),
  ('student', 'Julya', 'Zilabyan','2003-01-15', 'julya.zilabyan@gmail.com', '093535363', 'Bangladesh 14'),
  ('student', 'Arman', 'Petrosyan', '2003-05-24', 'arman.petrosyan@gmail.com', '055959595', 'Saryan 31'),
  ('student', 'Lilith', 'Gabrielyan', '2003-07-27', 'lilith.gabrielyan@gmail.com', '094545454', 'Avan 1'),
  ('student', 'Vika', 'Hovelyan', '2003-08-21', 'vika.hovelyan@gmail.com', '055857585', 'Zoravar Andranik 13'),
  ('student', 'Harutyun', 'Maranjyan', '2003-07-17', 'harutyun.maranjyan@gmail.com', '098686868', 'Garegin Njdeh 12'),
  ('student', 'Luiza', 'Tevanyan', '2003-05-23', 'luiza.tevanyan@gmail.com', '077878787', 'Monument 23'),
  ('lecturer', 'Sofik', 'Toroyan', '1990-09-23', 'sofik.toroyan@gmail.com', '055453545', 'Saryan 17'),
  ('student', 'Nana', 'Virabyan', '2002-02-12', 'nana.virabyan@gmail.com', '098786878', 'Abovyan 12'),
  ('student', 'Arsen', 'Safaryan', '2001-05-25', 'arsen.safaryan@gmail.com', '055453545', 'Avan 28'),
  ('lecturer', 'Kamo', 'Harutyunyan', '1950-08-29', 'kamo.harutyunyan@gmail.com', '055253545', 'Bangladesh 33'),
  ('lecturer', 'Sahak', 'Sahakyan', '1950-03-23', 'sahak.sahakyan@gmail.com', '094444494', 'Saryan 5'),
  ('lecturer', 'Zohrab', 'Hovhannisyan', '1949-06-27', 'zohrab.hovhannisyan@gmail.com', '055253525', 'Zoravar Andranik 14'),
  ('lecturer', 'Armen', 'Andreasyan', '1955-09-16', 'armen.andreasyan@gmail.com', '093435363', 'Abovyan 3'),
  ('lecturer', 'Zaven', 'Nazaryan', '1958-07-09', 'zaven.nazaryan@gmail.com', '093332333', 'Nar-Dos 24'),
  ('lecturer', 'Varujan', 'Gabrielyan', '1980-04-14', 'varuj.gabrielyan@gmail.com', '094244454', 'Nar-Dos 20'),
  ('student', 'Siranush', 'Petrosyan', '2003-06-14', 'siranush.petrosyan@gmail.com', '055654585', 'Masiv 1'),
  ('student', 'Juli', 'Gevorkyan', '2003-11-03', 'juli.gevorkyan@gmail.com', '093638457', 'Masiv 2'),
  ('student', 'Karen', 'Baghdasaryan', '2003-11-25', 'karen.baghdasaryan@gmail.com', '055252515', 'Masiv 1'),
  ('student', 'Vahe', 'Khachatryan', '2002-05-05', 'vahe.khachatryan@gmail.com', '077473747', 'Davtashen 2'),
  ('student', 'Sona', 'Sargsyan', '2002-07-18', 'sona.sargsyan@gmail.com', '044142464', 'Davtashen 5'),
  ('student', 'Lilit', 'Gyurjyan', '2002-08-20', 'lilit.gyurjyan@gmail.com', '094645414', 'Baghramyan 15'),
  ('student', 'Melanya', 'Babayan', '2004-05-19', 'melanya.babayan@gmail.com', '055959515', 'Masiv 5'),
  ('student', 'Syuzan', 'Minasyan', '2004-03-08', 'syuzan.minasyan@gmail.com', '09345514', 'Masiv 4'),
  ('student', 'Edgar', 'Sargsyan', '2001-01-26', 'edgar.sargsyan@gmail.com', '055764664', 'Masiv 2'),
  ('student', 'Anna', 'Gasparyan', '2003-01-06', 'anna.gasparyan@gmail.com', '055353555', 'Masiv 4'),
  ('student', 'Anna', 'Gevorgyan', '2003-10-14', 'anna.gevorgyan@gmail.com', '093636313', 'Davtashen 20'),
  ('student', 'Kima', 'Serobyan', '2003-02-10', 'kima.serobyan@gmail.com', '055254545', 'Ajapnyak 13'),
  ('student', 'Mane', 'Hovhannisyan', '2003-05-09', 'mane.hovhannisyan@gmail.com', '093420782', 'Ajapnyak 25'),
  ('student', 'Nane', 'Hambardzumyan', '2001-02-23', 'mane.hambardzumyan@gmail.com', '055420125', 'Tumanyan 22'),
  ('student', 'Sevak', 'Sahakyan', '2003-11-17', 'sevak.sahakyan@gmail.com', '098681822', 'Tumanyan 14'),
  ('student', 'Dayana', 'Davtyan', '2004-06-21', 'dayana.davtyan@gmail.com', '077211131', 'Avan 2'),
  ('student', 'Sahak', 'Gapoyan', '2002-05-14', 'sahak.gapoyan@gmail.com', '093632316', 'Mashtots 15'),
  ('student', 'Juli', 'Karapetyan', '2002-06-26', 'juli.karapetyan@gmail.com', '099296929', 'Mashtots 24'),
  ('student', 'Sasun', 'Ohanjanyan', '2001-06-19', 'sasun.ohanjanyan@gmail.com', '055256585', 'Amiryan 2'),
  ('student', 'Emma', 'Zakaryan', '2004-04-11', 'emma.zakaryan@gmail.com', '094028646', 'Amiryan 16'),
  ('student', 'Emilia', 'Ohanjanyan', '2004-07-02', 'emilia.zakaryan@gmail.com', '093632353', 'Koryun 3'),
  ('student', 'Ani', 'Galstyan', '2003-07-01', 'ani.galstyan@gmail.com', '055959595', 'Koryun 5'),
  ('student', 'Mher', 'Ghukasyan', '2003-11-07', 'mher.ghukasyan@gmail.com', '093632353', 'Masiv 4'),
  ('student', 'Vika', 'Hakobyan', '2003-02-10', 'vika.hakobyan@gmail.com', '055251515', 'Masiv 1'),
  ('student', 'Gor', 'Beglaryan', '2002-07-09', 'gor.beglaryan@gmail.com', '094642414', 'Bangladesh 21'),
  ('student', 'Gevorg', 'Hayrapetyan', '20003-07-01', 'gevorg.hayrapetyan@gmail.com', '055361624', 'Bangladesh 13'),
  ('student', 'Anna', 'Khosrovyan', '2002-04-28', 'anna.khosrovyan@gmail.com', '055353515', 'Masiv 2'),
  ('student', 'Mane', 'Hambardzumyan', '2001-05-26', 'mane.hambardzumyan@gmail.com', '094652369', 'Tumanyan 18'),
  ('student', 'Vahag', 'Nahapetyan', '2001-04-17', 'vahag.nahapetyan@gmail.com', '055246145', 'Khanjyan 12'),
  ('student', 'Lilit', 'Soghomonyan', '2002-12-15', 'lilit.soghomonyan@gmail.com', '077061250', 'Khanjyan 23'),
  ('student', 'Ani', 'Nersisyan', '2002-03-09', 'ani.nersisyan@gmail.com', '093145421', 'Nar-Dos 13'),
  ('student', 'Areg', 'Ohanyan', '2003-08-29', 'areg.ohanyan@gmail.com', '055454585', 'Armen Tigranyan 19'),
  ('student', 'Ariana', 'Beglaryan', '2004-03-12', 'ariana.beglaryan@gmail.com', '094547621', 'Paruyr Sevak 6'),
  ('student', 'Artur', 'Hambardzumyan', '2003-06-28', 'artur.hambardzumyan@gmail.com', '077142658', 'Paruyr Sevak 25'),
  ('student', 'Elen', 'Grigoryan', '2004-02-06', 'elen.grigoryan@gmail.com', '098682848', 'Avan 6'),
  ('student', 'Marina', 'Lachinyan', '2004-03-17', 'marina.lachinyan@gmail.com', '055241678', 'Koryun 20'),
  ('lecturer', 'Ani', 'Stepanyan', '1989-04-26', 'ani.stepanyan@gmail.com', '098588868', 'Koryun 13');
	
# Inserting data into the `user_metadata` table
INSERT INTO `user_metadata`(`id`, `user_id`, `meta_key`, `meta_value`)
VALUES 
   (1, 3, 'gender', 'male'),
	(2, 4, 'gender', 'male'),
	(3, 7, 'gender', 'female'),
	(4, 12, 'gender', 'male'),
	(5, 21, 'gender', 'female'),
	(6, 30, 'gender', 'female'),
	(7, 33, 'gender', 'male'),
	(8, 34, 'gender', 'male'),
	(9, 35, 'gender', 'male'),
	(10, 36, 'gender', 'male'),
	(11, 37, 'gender', 'male'),
	(12, 38, 'gender', 'male'),
	(13, 75, 'gender', 'female'),
	(14, 7, 'age', '70'),
	(15, 21, 'age', '64'),
	(16, 30, 'age', '33'),
	(17, 75, 'age', '34'),
	(1, 3, 'age', '58'),
	(2, 4, 'age', '45'),
	(4, 12, 'age', '37'),
	(7, 33, 'age', '73'),
	(8, 34, 'age', '73'),
	(9, 35, 'age', '74'),
	(10, 36, 'age', '68'),
	(11, 37, 'age', '65'),
	(12, 38, 'age', '43');

# Inserting data into the `courses` table
INSERT INTO `courses` (`id`,`name`)
VALUES 
   (1, 'first'),
   (2, 'second'),
   (3, 'third'),
   (4, 'fourth');
   
# Inserting data into the `groups` table
INSERT INTO `groups` (`id`, `name`)
VALUES    
   (1, 'group 101'),
   (2, 'group 102'),
   (3, 'group 201'),
   (4, 'group 202'),
   (5, 'group 301'),
   (6, 'group 401'),
	(7, 'group 001');
   
# Inserting data into the `salary` table
INSERT INTO `salary` (`id`, `amount`)
VALUES 
   (1, 100000),
   (2, 150000),
   (3, 200000),
   (4, 250000),
   (5, 300000),
   (6, 350000);
   
# Inserting data into the `mog` table
INSERT INTO `mog` (`id`, `name`)
VALUES
   (1, '9,5'),
   (2, '10,45'),
   (3, '11,2'),
   (4, '11,95'),
   (5, '12,34'),
   (6, '12,83'),
   (7, '13,1'),
   (8, '13,67'),
   (9, '14,11'),
   (10, '14,26'),
   (11, '14,5'),
   (12, '14.54'),
   (13, '14,89'),
   (14, '15'),
   (15, '15,41'),
   (16, '15,79'),
   (17, '16,23'),
   (18, '16,56'),
   (19, '17,1'),
   (20, '17,18'),
   (21, '17,39'),
   (22, '18,04'),
   (23, '18,42'),
   (24, '19,5'),
   (25, '20'),
	(26, '14,5'),
	(27, '13,2'),
	(28, '16,7'),
	(29, '15,5'),
	(30, '17,75'),
	(31, '11,6'),
	(32, '17,4'),
	(33, '19,1'),
	(34, '9,96'),
	(35, '10,64'),
	(36, '18,6'),
	(37, '14,25'),
	(38, '19,7'),
	(39, '20'),
	(40, '16,43'),
	(41, '12,8'),
	(42, '15,4'),
	(43, '11,9'),
	(44, '13'),
	(45, '14,11'),
	(46, '13,99'),
	(47, '16'),
	(48, '9,5'),
	(49, '19,84'),
	(50, '16,57'),
	(51, '17,94'),
	(52, '13,7'),
	(53, '15,8'),
	(54, '10,5'),
	(55, '18,4'),
	(56, '14'),
	(57, '13,78'),
	(58, '12,1'),
	(59, '15,8'),
	(60, '10,10'),
	(61, '11,6');
   
# Inserting data into the `subjects` table
INSERT INTO `subjects` (`id`, `name`)
VALUES 
   (1, 'Mathematical analysis'),
   (2, 'Discrete mathematics'),
   (3, 'Basics of C++'),
   (4, 'Data structure'),
   (5, 'ML'),
   (6, 'Numerical methods'),
   (7, 'Linear algebra'),
   (8, 'GUI'),
   (9, 'Operating systems'),
   (10, 'Theory of algorithms'),
   (11, 'Graph theory'),
   (12, 'Web programming'),
   (13, 'Assembler'),
   (14, 'Complex analysis'),
   (15, 'Analitic geometry and algebra'),
   (16, 'Theory of translations'),
   (17, 'Functional analysis'),
   (18, 'Differential equations'),
   (19, 'Probability theory'),
   (20, 'Physics'),
   (21, 'Computer networks'),
	(22, 'English');

# Inserting data into the `class` table
INSERT INTO `class` (`start_time`, `end_time`)
VALUES 
   ('9:30', '10:55'),
   ('11:05', '12:30'),
   ('13:00', '14:25'),
   ('14:30', '15:55');
   
# Inserting data into the `semesters` table
INSERT INTO `semesters` (`name`, `start_date`, `end_date`)
VALUES 
   ('first semester', '2023-09-01', '2024-01-31'),
   ('second semester', '2024-02-05', '2024-06-30'),
	('first semester', '2024-09-01', '2025-01-31'),
   ('second semester', '2025-02-05', '2026-06-30');

# Inserting data into the `course_groups` table
INSERT INTO `course_groups`(`semester_id`, `group_id`, `course_id`)
VALUES 
    (1, 1, 1),
    (2, 1, 1),
    (1, 2, 1),
    (2, 2, 1),
    (1, 3, 2),
    (2, 3, 2),
    (1, 4, 2),
    (2, 4, 2),
    (1, 5, 3),
    (2, 5, 3),
    (1, 6, 4),
	 (2, 6, 4),
	 (3, 7, 1),
	 (4, 7, 1),
	 (3, 1, 2),
    (4, 1, 2),
    (3, 2, 2),
    (4, 2, 2),
    (3, 3, 3),
    (4, 3, 3),
    (3, 4, 3),
    (4, 4, 3),
    (3, 5, 4),
    (4, 5, 4);
# Inserting data into the `user_groups` table
INSERT INTO `user_groups`(`user_id`, `group_id`)
VALUES 
    #students	
    (1,1),
    (2,1),
    (5,1),
    (6,2),
    (9,2),
    (10,2),
    (11,3),
    (13,3),
    (14,3),
    (15,4),
    (16,4),
    (17,4),
    (18,5),
    (19,5),
    (20,5),
    (22,5),
    (23,5),
    (24,5),
    (25,5),
    (26,6),
    (27,6),
    (28,6),
    (29,6),
    (31,6),
    (32,6),
	 (39,1),
  	 (40,1),
	 (41,1),
	 (42,1),
	 (43,2),
	 (44,2),
	 (45,2),
	 (46,2),
	 (47,3),
	 (48,3),
	 (49,3),
	 (50,3),
	 (51,3),
	 (52,4),
	 (53,4),
	 (54,4),
	 (55,4),
	 (56,4),
	 (57,5),
	 (58,5),
	 (59,5),
	 (60,5),
	 (61,5),
	 (62,5),
	 (63,5),
	 (64,5),
	 (65,6),
	 (66,6),
	 (67,6),
	 (68,6),
	 (69,6),
	 (70,6),
	 (71,7),
	 (72,7),
	 (73,7),
	 (74,7);
    
	
# Inserting data into the `user_salary` table
INSERT INTO `user_salary`(`user_id`, `salary_id`)
VALUES 
    (3,6),
    (4,6),
    (7,5),
    (8,2),
    (12,4),
    (21,2),
    (30,1),
    (33,1),
    (34,4),
    (35,5),
    (36,6),
    (37,3),
    (38,3),
	 (75,2);

# Inserting data into the `user_mog` table
INSERT INTO `user_mog`(`user_id`, `mog_id`)
VALUES 
    (1,22),
    (2,23),
    (5,7),
    (6,2),
    (9,21),
    (10,3),
    (11,4),
    (13,18),
    (14,1),
    (15,5),
    (16,6),
    (17,9),
    (18,24),
    (19,17),
    (20,19),
    (22,16),
    (23,14),
    (24,13),
    (25,12),
    (26,11),
    (27,8),
    (28,10),
    (29,15),
    (31,25),
    (32,20),
    (39,26),
	 (40,27),
	 (41,28),
	 (42,29),
	 (43,30),
	 (44,31),
	 (45,32),
	 (46,33),
	 (47,34),
	 (48,35),
	 (49,36),
	 (50,37),
	 (51,38),
	 (52,39),
	 (53,40),
	 (54,41),
	 (55,42),
	 (56,43),
	 (57,44),
	 (58,45),
	 (59,46),
	 (60,47),
	 (61,48),
	 (62,49),
	 (63,50),
	 (64,51),
	 (65,52),
	 (66,53),
	 (67,54),
	 (68,55),
	 (69,56),
	 (70,57),
	 (71,58),
	 (72,59),
	 (73,60),
	 (74,61);
   
	
# Inserting data into the `schedule` table
# Schedule for the first semester, group 101   ('2023-09-01', '2024-01-31')
INSERT INTO `schedule` (
    `day_of_week`,
    `class_id`,
    `group_id`,
    `subject_id`,
    `user_id`,
    `room_number`,
    `semester_id`
)
VALUES
    ('Monday', 1, 1, 1, 3, 'Room 101', 1),
    ('Monday', 2, 1, 2, 4, 'Room 108', 1),
    ('Monday', 3, 1, 22, 75, 'Room 214', 1),
    ('Tuesday', 2, 1, 15, 38, 'Room 106', 1),
    ('Tuesday', 3, 1, 1, 3, 'Room 101', 1),
    ('Wednesday', 1, 1, 3, 36, 'Room 216', 1),
    ('Wednesday', 2, 1, 2, 4 , 'Room 204', 1),
    ('Thursday', 3, 1, 15, 38, 'Room 108', 1),
    ('Thursday', 4, 1, 2, 4, 'Room 204', 1),
    ('Friday', 1, 1, 1, 3, 'Room 114', 1),
	 ('Friday', 2, 1, 3, 36, 'Room 216', 1);

# Schedule for the first semester, group 102  ('2023-09-01', '2024-01-31')
INSERT INTO `schedule` (
    `day_of_week`,
    `class_id`,
    `group_id`,
    `subject_id`,
    `user_id`,
    `room_number`,
    `semester_id`
)
VALUES
    ('Monday', 1, 2, 2, 12, 'Room 106', 1),
    ('Monday', 2, 2, 1, 35, 'Room 101', 1),
    ('Tuesday', 1, 2, 15, 38, 'Room 206', 1),
    ('Tuesday', 2, 2, 2, 12, 'Room 104', 1),
    ('Wednesday', 2, 2, 1, 35, 'Room 108', 1),
    ('Wednesday', 3, 2, 3, 36, 'Room 216', 1),
    ('Thursday', 1, 2, 3, 36, 'Room 219', 1),
    ('Thursday', 2, 2, 1, 35, 'Room 101', 1),
    ('Friday', 1, 2, 15, 38, 'Room 108', 1),
	 ('Friday', 2, 2, 2, 12, 'Room 104', 1),
	 ('Friday', 3, 2, 22, 75, 'Room 214', 1),
	 ('Friday', 4, 2, 22, 75, 'Room 214', 1);

# Schedule for the first semester, group 201  ('2023-09-01', '2024-01-31')
INSERT INTO `schedule` (
    `day_of_week`,
    `class_id`,
    `group_id`,
    `subject_id`,
    `user_id`,
    `room_number`,
    `semester_id`
)
VALUES
    ('Monday', 1, 3, 14, 33, 'Room 206', 1),
    ('Monday', 2, 3, 13, 37, 'Room 220', 1),
    ('Monday', 3, 3, 5, 7, 'Room 219', 1),
    ('Tuesday', 1, 3, 16, 21, 'Room 214', 1),
    ('Tuesday', 2, 3, 4, 7, 'Room 318', 1),
    ('Tuesday', 3, 3, 7, 38, 'Room 104', 1),
    ('Tuesday', 4, 3, 22, 75, 'Room 106', 1),
    ('Wednesday', 2, 3, 14, 33, 'Room 101', 1),
    ('Wednesday', 3, 3, 10, 4, 'Room 115', 1),
    ('Thursday', 1, 3, 13, 37, 'Room 220', 1),
    ('Thursday', 2, 3, 11, 4, 'Room 115', 1),
    ('Friday', 1, 3, 4, 7, 'Room 219', 1),
	 ('Friday', 2, 3, 7, 38, 'Room 214', 1);

# Schedule for the first semester, group 202  ('2023-09-01', '2024-01-31')
INSERT INTO `schedule` (
    `day_of_week`,
    `class_id`,
    `group_id`,
    `subject_id`,
    `user_id`,
    `room_number`,
    `semester_id`
)
VALUES
    ('Monday', 1, 4, 7, 38, 'Room 207', 1),
    ('Monday', 2, 4, 14, 33, 'Room 215', 1),
    ('Tuesday', 1, 4, 10, 12, 'Room 115', 1),
    ('Tuesday', 2, 4, 16, 21, 'Room 214', 1),
    ('Tuesday', 3, 4, 13, 37, 'Room 220', 1),
    ('Wednesday', 1, 4, 7, 38, 'Room 101', 1),
    ('Wednesday', 2, 4, 11, 12, 'Room 206', 1),
    ('Wednesday', 3, 4, 22, 75, 'Room 208', 1),
    ('Thursday', 1, 4, 14, 33, 'Room 106', 1),
    ('Thursday', 2, 4, 4, 36, 'Room 216', 1),
    ('Thursday', 3, 4, 10, 12, 'Room 114', 1),
    ('Friday', 1, 4, 13, 37, 'Room 220', 1),
	 ('Friday', 2, 4, 5, 7, 'Room 220', 1);
    
# Schedule for the first semester, group 301  ('2023-09-01', '2024-01-31')
INSERT INTO `schedule` (
    `day_of_week`,
    `class_id`,
    `group_id`,
    `subject_id`,
    `user_id`,
    `room_number`,
    `semester_id`
)
VALUES
    ('Monday', 1, 5, 18, 35, 'Room 107', 1),
    ('Monday', 2, 5, 6, 34, 'Room 205', 1),
    ('Tuesday', 1, 5, 17, 3, 'Room 101', 1),
    ('Tuesday', 2, 5, 12, 21, 'Room 119', 1),
    ('Wednesday', 1, 5, 8, 37, 'Room 220', 1),
    ('Wednesday', 2, 5, 18, 35, 'Room 114', 1),
    ('Thursday', 1, 5, 6, 34, 'Room 101', 1),
    ('Thursday', 2, 5, 9, 37, 'Room 220', 1),
    ('Thursday', 3, 5, 17, 3, 'Room 104', 1),
    ('Friday', 1, 5, 12, 21, 'Room 216', 1),
	 ('Friday', 2, 5, 17, 3, 'Room 209', 1);

# Schedule for the first semester, group 401  ('2023-09-01', '2024-01-31')
INSERT INTO `schedule` (
    `day_of_week`,
    `class_id`,
    `group_id`,
    `subject_id`,
    `user_id`,
    `room_number`,
    `semester_id`
)
VALUES
    ('Monday', 1, 6, 19, 4, 'Room 115', 1),
    ('Wednesday', 2, 6, 20, 30, 'Room 104', 1),
    ('Friday', 1, 6, 21, 36, 'Room 318', 1),
	 ('Friday', 2, 6, 19, 4, 'Room 114', 1);
	 
	 
# Schedule for the second semester, group 101 ('2024-02-05', '2024-06-30')
INSERT INTO `schedule` (
    `day_of_week`,
    `class_id`,
    `group_id`,
    `subject_id`,
    `user_id`,
    `room_number`,
    `semester_id`
)
VALUES
    ('Monday', 1, 1, 3, 36, 'Room 101',2),
    ('Monday', 2, 1, 1, 3, 'Room 108', 2),
    ('Monday', 3, 1, 22, 75, 'Room 214', 2),
    ('Tuesday', 1, 1, 2, 4, 'Room 106', 2),
    ('Tuesday', 2, 1, 1, 3, 'Room 101', 2),
    ('Wednesday', 1, 1, 15, 38, 'Room 216', 2),
    ('Wednesday', 2, 1, 2, 4 , 'Room 204', 2),
    ('Thursday', 2, 1, 3, 36, 'Room 108', 2),
    ('Thursday', 3, 1, 2, 4, 'Room 204', 2),
    ('Friday', 1, 1, 1, 3, 'Room 114', 2),
	 ('Friday', 2, 1, 15, 38, 'Room 216', 2);
	 
# Schedule for the second semester, group 102  ('2024-02-05', '2024-06-30')
INSERT INTO `schedule` (
    `day_of_week`,
    `class_id`,
    `group_id`,
    `subject_id`,
    `user_id`,
    `room_number`,
    `semester_id`
)
VALUES
    ('Monday', 1, 2, 15, 38, 'Room 106', 2),
    ('Monday', 2, 2, 1, 35, 'Room 101', 2),
    ('Tuesday', 1, 2, 22, 75, 'Room 113', 2),
    ('Tuesday', 2, 2, 3, 36, 'Room 104', 2),
    ('Tuesday', 3, 2, 1, 35, 'Room 315', 2),
    ('Wednesday', 1, 2, 2, 12, 'Room 108', 2),
    ('Wednesday', 2, 2, 1, 35, 'Room 216', 2),
    ('Thursday', 1, 2, 15, 38, 'Room 219', 2),
    ('Thursday', 2, 2, 2, 12, 'Room 101', 2),
    ('Friday', 2, 2, 2, 12, 'Room 108', 2),
	 ('Friday', 3, 2, 3, 35, 'Room 104', 2);

# Schedule for the second semester, group 201  ('2024-02-05', '2024-06-30')
INSERT INTO `schedule` (
    `day_of_week`,
    `class_id`,
    `group_id`,
    `subject_id`,
    `user_id`,
    `room_number`,
    `semester_id`
)
VALUES
    ('Monday', 1, 3, 5, 7, 'Room 206', 2),
    ('Monday', 2, 3, 7, 38, 'Room 220', 2),
    ('Monday', 3, 3, 11, 4, 'Room 219', 2),
    ('Tuesday', 1, 3, 14, 33, 'Room 214', 2),
    ('Tuesday', 2, 3, 16, 21, 'Room 318', 2),
    ('Tuesday', 3, 3, 4, 7, 'Room 104', 2),
    ('Wednesday', 1, 3, 22, 75, 'Room 101', 2),
    ('Wednesday', 2, 3, 13, 37, 'Room 115', 2),
    ('Wednesday', 3, 3, 7, 38, 'Room 111', 2),
    ('Thursday', 1, 3, 13, 37, 'Room 220', 2),
    ('Thursday', 2, 3, 14, 33, 'Room 115', 2),
    ('Friday', 1, 3, 10, 4, 'Room 219', 2),
	 ('Friday', 2, 3, 4, 7, 'Room 214', 2);

# Schedule for the second semester, group 202  ('2024-02-05', '2024-06-30')
INSERT INTO `schedule` (
    `day_of_week`,
    `class_id`,
    `group_id`,
    `subject_id`,
    `user_id`,
    `room_number`,
    `semester_id`
)
VALUES
    ('Monday', 1, 4, 16, 21, 'Room 207', 2),
    ('Monday', 2, 4, 5, 7, 'Room 215', 2),
    ('Monday', 3, 4, 14, 33, 'Room 111', 2),
    ('Tuesday', 1, 4, 7, 38, 'Room 115', 2),
    ('Tuesday', 2, 4, 22, 75, 'Room 214', 2),
    ('Wednesday', 1, 4, 10, 12, 'Room 205', 2),
    ('Wednesday', 2, 4, 14, 33, 'Room 206', 2),
    ('Wednesday', 3, 4, 13, 37, 'Room 208', 2),
    ('Thursday', 1, 4, 4, 36, 'Room 106', 2),
    ('Thursday', 2, 4, 13, 37, 'Room 216', 2),
    ('Friday', 1, 4, 4, 36, 'Room 220', 2),
	 ('Friday', 2, 4, 11, 12, 'Room 220', 2),
	 ('Friday', 3, 4, 7, 38, 'Room 106', 2);
	 
# Schedule for the second semester, group 301   ('2024-02-05', '2024-06-30')
INSERT INTO `schedule` (
    `day_of_week`,
    `class_id`,
    `group_id`,
    `subject_id`,
    `user_id`,
    `room_number`,
    `semester_id`
)
VALUES
    ('Monday', 1, 5, 6, 34, 'Room 107', 2),
    ('Monday', 2, 5, 17, 3, 'Room 205', 2),
    ('Tuesday', 1, 5, 8, 37, 'Room 101', 2),
    ('Tuesday', 2, 5, 18, 35, 'Room 119', 2),
    ('Wednesday', 1, 5, 12, 21, 'Room 220', 2),
    ('Wednesday', 2, 5, 17, 3, 'Room 114', 2),
    ('Wednesday', 3, 5, 9, 37, 'Room 104', 2),
    ('Thursday', 1, 5, 6, 34, 'Room 101', 2),
    ('Thursday', 2, 5, 18, 35, 'Room 220', 2),
    ('Friday', 1, 5, 18, 35, 'Room 216', 2),
	 ('Friday', 2, 5, 9, 37, 'Room 209', 2);
	 
	 
# Schedule for the first semester, group 001  ('2024-09-01', '2025-01-31')
INSERT INTO `schedule` (
    `day_of_week`,
    `class_id`,
    `group_id`,
    `subject_id`,
    `user_id`,
    `room_number`,
    `semester_id`
)
VALUES 
    ('Monday', 1, 7, 22, 75, 'Room 101', 3),
    ('Monday', 2, 7, 1, 3, 'Room 106', 3),
    ('Monday', 3, 7, 2, 4, 'Room 115', 3),
    ('Tuesday', 1, 7, 3, 36, 'Room 205', 3),
    ('Tuesday', 2, 7, 15, 38, 'Room 207', 3),
    ('Wednesday', 2, 7, 2, 4, 'Room115', 3),
    ('Wednesday', 3, 7, 15, 38, 'Room 207', 3),
    ('Thursday', 1, 7, 1, 3, 'Room 106', 3),
    ('Thursday', 2, 7, 3, 36, 'Room 205', 3),
    ('Friday', 1, 7, 15, 38, 'Room 207', 3),
    ('Friday', 2, 7, 1, 3, 'Room 106', 3);
    
    
# Schedule for the first semester, group 101  ('2024-09-01', '2025-01-31')
INSERT INTO `schedule` (
    `day_of_week`,
    `class_id`,
    `group_id`,
    `subject_id`,
    `user_id`,
    `room_number`,
    `semester_id`
)
VALUES 
    ('Monday', 1, 1, 4, 36,'Room 216', 3),
    ('Monday', 2, 1, 14, 33, 'Room 101', 3),
    ('Monday', 3, 1, 16, 21, 'Room 215', 3),
    ('Tuesday', 1, 1, 13, 37, 'Room 220', 3),
    ('Tuesday', 2, 1, 7, 38, 'Room 205', 3),
    ('Tuesday', 3, 1, 10, 4, 'Room 115', 3),
    ('Wednesday', 2, 1, 4, 36, 'Room 216', 3),
    ('Wednesday', 3, 1, 14, 33, 'Room 101', 3),
    ('Thursday', 1, 1, 5, 7, 'Room 204', 3),
    ('Thursday', 2, 1, 13, 37, 'Room 220', 3),
    ('Friday', 1, 1, 11, 4, 'Room 114', 3),
    ('Friday', 2, 1, 22, 75, 'Room 208', 3),
    ('Friday', 3, 1, 7, 38, 'Room 106', 3);
    
    
# Schedule for the first semester, group 102  ('2024-09-01', '2025-01-31')
INSERT INTO `schedule` (
    `day_of_week`,
    `class_id`,
    `group_id`,
    `subject_id`,
    `user_id`,
    `room_number`,
    `semester_id`
)
VALUES 
    ('Monday', 1, 2, 10, 12, 'Room 214', 3),
    ('Monday', 2, 2, 22, 75, 'Room 208', 3),
    ('Monday', 3, 2, 7, 38, 'Room 107', 3),
    ('Tuesday', 1, 2, 14, 33, 'Room 101', 3),
    ('Tuesday', 2, 2, 5, 7, 'Room 204', 3),
    ('Wednesday', 1, 2, 7, 38, 'Room 209', 3),
    ('Wednesday', 2, 2, 11, 12, 'Room 206', 3),
    ('Wednesday', 3, 2, 4, 7, 'Room 204', 3),
    ('Thursday', 1, 2, 13, 21, 'Room 220', 3),
    ('Thursday', 2, 2, 16, 21, 'Room 214', 3),
    ('Thursday', 3, 2, 4, 7, 'Room 216', 3),
    ('Friday', 1, 2, 13, 21, 'Room 318', 3),
    ('Friday', 2, 2, 14, 33, 'Room 101',3);
    
    
# Schedule for the first semester, group 201  ('2024-09-01', '2025-01-31')
INSERT INTO `schedule` (
    `day_of_week`,
    `class_id`,
    `group_id`,
    `subject_id`,
    `user_id`,
    `room_number`,
    `semester_id`
)
VALUES 
    ('Monday', 1, 3, 12, 21, 'Room 219', 3),
    ('Monday', 2, 3, 18, 35, 'Room 104', 3),
    ('Tuesday', 1, 3, 17, 3, 'Room 214', 3),
    ('Tuesday', 2, 3, 6, 34, 'Room 315', 3),
    ('Tuesday', 3, 3, 9, 37, 'Room 220', 3),
    ('Wednesday', 1, 3, 8, 37, 'Room 220', 3),
    ('Wednesday', 2, 3, 18, 35, 'Room 111', 3),
    ('Thursday', 1, 3, 6, 34, 'Room 113', 3),
    ('Thursday', 2, 3, 17, 3, 'Room 114', 3),
    ('Friday', 1, 3, 9, 37, 'Room 220', 3),
    ('Friday', 2, 3, 18, 35, 'Room 115',3);
    
    
# Schedule for the first semester, group 202  ('2024-09-01', '2025-01-31')
INSERT INTO `schedule` (
    `day_of_week`,
    `class_id`,
    `group_id`,
    `subject_id`,
    `user_id`,
    `room_number`,
    `semester_id`
)
VALUES 
    ('Monday', 1, 4, 18, 35, 'Room 204', 3),
    ('Monday', 2, 4, 9, 37, 'Room 220', 3),
    ('Tuesday', 1, 4, 6, 34, 'Room 315', 3),
    ('Tuesday', 3, 4, 17, 3, 'Room 101', 3),
    ('Wednesday', 2, 4, 12, 21, 'Room 219',3),
    ('Wednesday', 3, 4, 18, 35, 'Room 306', 3),
    ('Thursday', 1, 4, 18, 35, 'Room 315', 3),
    ('Thursday', 2, 4, 6, 34, 'Room 112', 3),
    ('Thursday', 3, 4, 9, 37, 'Room 220', 3),
    ('Friday', 1, 4, 17, 3, 'Room 209', 3),
    ('Friday', 1, 4, 6, 34, 'Room 306', 3);
    

# Schedule for the first semester, group 301  ('2024-09-01', '2025-01-31')
INSERT INTO `schedule` (
    `day_of_week`,
    `class_id`,
    `group_id`,
    `subject_id`,
    `user_id`,
    `room_number`,
    `semester_id`
)
VALUES
    ('Tuesday', 1, 5, 19, 4, 'Room 310', 3),
    ('Wednesday', 3, 5, 20, 30, 'Room 310', 3),
    ('Wednesday', 4, 5, 21, 7, 'Room 318', 3),
    ('Thursday', 1, 5, 19, 4, 'Room 310', 3);


# Schedule for the second semester, group 001  ('2025-02-05', '2026-06-30')
INSERT INTO `schedule` (
    `day_of_week`,
    `class_id`,
    `group_id`,
    `subject_id`,
    `user_id`,
    `room_number`,
    `semester_id`
)
VALUES 
    ('Monday', 1, 7, 15, 38, 'Room 208', 4),
    ('Monday', 2, 7, 3, 36, 'Room 216', 4),
    ('Tuesday', 1, 7, 1, 3, 'Room 114', 4),
    ('Tuesday', 2, 7, 2, 12, 'Room 213', 4),
    ('Wednesday', 1, 7, 3, 36, 'Room 216', 4),
    ('Wednesday', 2, 7, 1, 3, 'Room 114', 4),
    ('Thursday', 1, 7, 2, 12, 'Room 208', 4),
    ('Thursday', 2, 7, 1, 3, 'Room 101', 4),
    ('Thursday', 3, 7, 22, 75, 'Room 207', 4),
    ('Friday', 1, 7, 15, 38, 'Room 208', 4),
    ('Friday', 2, 7, 2, 12, 'Room 213', 4);
    
    
# Schedule for the second semester, group 101  ('2025-02-05', '2026-06-30')
INSERT INTO `schedule` (
    `day_of_week`,
    `class_id`,
    `group_id`,
    `subject_id`,
    `user_id`,
    `room_number`,
    `semester_id`
)
VALUES
    ('Monday', 1, 1, 16, 21, 'Room 214', 4),
    ('Monday', 2, 1, 14, 33, 'Room 106', 4),
    ('Tuesday', 1, 1, 5, 7, 'Room 204', 4),
    ('Tuesday', 2, 1, 7, 38, 'Room 208', 4),
    ('Tuesday', 3, 1, 11, 4, 'Room 115', 4),
    ('Wednesday', 1, 1, 10, 4, 'Room 108', 4),
    ('Wednesday', 2, 1, 14, 33, 'Room 106', 4),
    ('Thursday', 1, 1, 13, 37, 'Room 220', 4),
    ('Thursday', 2, 1, 7, 38, 'Room 208', 4),
    ('Thursday', 3, 1, 4, 36, 'Room 216', 4),
    ('Friday', 1, 1, 4, 36, 'Room 216', 4),
    ('Friday', 2, 1, 22, 75, 'Room 208', 4),
    ('Friday', 3, 1, 13, 37, 'Room 220', 4);
    
    
# Schedule for the second semester, group 102  ('2025-02-05', '2026-06-30')
INSERT INTO `schedule` (
    `day_of_week`,
    `class_id`,
    `group_id`,
    `subject_id`,
    `user_id`,
    `room_number`,
    `semester_id`
)
VALUES 
    ('Monday', 1, 2, 14, 33, 'Room 106', 4),
    ('Monday', 2, 2, 5, 7, 'Room 204', 4),
    ('Monday', 3, 2, 22, 75, 'Room 209', 4),
    ('Tuesday', 1, 2, 13, 37, 'Room 220', 4),
    ('Tuesday', 2, 2, 11, 12, 'Room 112', 4),
    ('Tuesday', 3, 2, 10, 12, 'Room 111', 4),
    ('Wednesday', 1, 2, 14, 33, 'Room 106', 4),
    ('Wednesday', 2, 2, 4, 7, 'Room 318', 4),
    ('Wednesday', 3, 2, 7, 38, 'Room 114', 4),
    ('Thursday', 1, 2, 16, 21, 'Room 112', 4),
    ('Thursday', 2, 2, 13, 37, 'Room 220', 4),
    ('Thursday', 3, 2, 7, 38, 'Room 208', 4),
    ('Friday', 1, 2, 22, 75, 'Room 209', 4),
    ('Friday', 2, 2, 4, 7, 'Room 216', 4);
    
    
# Schedule for the second semester, group 201  ('2025-02-05', '2026-06-30')
INSERT INTO `schedule` (
    `day_of_week`,
    `class_id`,
    `group_id`,
    `subject_id`,
    `user_id`,
    `room_number`,
    `semester_id`
)
VALUES
    ('Monday', 1, 3, 9, 37, 'Room 220', 4),
    ('Monday', 2, 3, 18, 35, 'Room 104', 4),
    ('Monday', 3, 3, 6, 34, 'Room 306', 4),
    ('Tuesday', 1, 3, 18, 35, 'Room 101', 4),
    ('Tuesday', 2, 3, 12, 21, 'Room 212', 4),
    ('Wednesday', 1, 3, 18, 35, 'Room 113', 4),
    ('Wednesday', 2, 3, 9, 37, 'Room 220', 4),
    ('Thursday', 1, 3, 6, 34, 'Room 306', 4),
    ('Thursday', 2, 3, 17, 3, 'Room 315', 4),
    ('Friday', 3, 3, 17, 3, 'Room 315', 4),
    ('Friday', 4, 3, 8, 37, 'Room 220', 4);


# Schedule for the second semester, group 202  ('2025-02-05', '2026-06-30')
INSERT INTO `schedule` (
    `day_of_week`,
    `class_id`,
    `group_id`,
    `subject_id`,
    `user_id`,
    `room_number`,
    `semester_id`
)
VALUES
    ('Monday', 1, 4, 18, 35, 'Room 101', 4),
    ('Monday', 2, 4, 6, 34, 'Room 310', 4),
    ('Monday', 3, 4, 9, 37, 'Room 211', 4),
    ('Tuesday', 2, 4, 18, 35, 'Room 107', 4),
    ('Tuesday', 3, 4, 18,35, 'Room 107', 4),
    ('Wednesday', 1, 4, 17, 3, 'Room 310', 4),
    ('Wednesday', 2, 4, 6, 34, 'Room 204', 4),
    ('Thursday', 1, 4, 17, 3, 'Room 111', 4),
    ('Thursday', 2, 4, 12, 21, 'Room 219', 4),
    ('Friday', 1, 4, 8, 37, 'Room 220', 4),
    ('Friday', 2, 4, 9, 37, 'Room 220', 4);

